,loan_amount,rate,loan_time_days,loan_type_cash,loan_type_credit,loan_type_home,loan_type_other,repaid_0,repaid_1
0,1.3593375387828568,-0.4389051199951582,-0.9855794208229555,-0.5703518254720301,-0.5633518167726789,1.632993161855452,-0.5633518167726789,1.0706733691535597,-1.0706733691535595
1,0.43040493270352675,-0.8293059005838431,-0.8291048871337228,-0.5703518254720301,1.7750896868120258,-0.6123724356957945,-0.5633518167726789,1.0706733691535597,-1.0706733691535595
2,1.1346498687203472,-1.0765597282900103,-1.6541524284042224,-0.5703518254720301,-0.5633518167726789,1.632993161855452,-0.5633518167726789,-0.933991662453105,0.9339916624531052
3,1.0829094244415605,-0.8336436870348285,0.9063399410559487,1.753303759784389,-0.5633518167726789,-0.6123724356957945,-0.5633518167726789,-0.933991662453105,0.9339916624531052
4,1.4496437771768504,-0.013802047798590036,-0.48059342573497726,-0.5703518254720301,1.7750896868120258,-0.6123724356957945,-0.5633518167726789,-0.933991662453105,0.9339916624531052
5,-0.25443733670874874,-0.5299986354658514,0.3515665943395783,-0.5703518254720301,-0.5633518167726789,1.632993161855452,-0.5633518167726789,1.0706733691535597,-1.0706733691535595
6,-0.43600796987226914,2.740692348577132,0.17375462423817753,1.753303759784389,-0.5633518167726789,-0.6123724356957945,-0.5633518167726789,-0.933991662453105,0.9339916624531052
7,1.115965819397452,0.42431438375093417,-1.7395021740528946,-0.5703518254720301,-0.5633518167726789,1.632993161855452,-0.5633518167726789,1.0706733691535597,-1.0706733691535595
8,0.734140503747516,1.0055777681829767,-1.4478905430865974,-0.5703518254720301,-0.5633518167726789,1.632993161855452,-0.5633518167726789,-0.933991662453105,0.9339916624531052
9,-0.9455076225619893,0.4763678211627589,-0.9215671115864512,-0.5703518254720301,-0.5633518167726789,-0.6123724356957945,1.7750896868120258,-0.933991662453105,0.9339916624531052
10,-1.5280666988861076,1.4436941997325008,1.5464630334209915,-0.5703518254720301,-0.5633518167726789,-0.6123724356957945,1.7750896868120258,1.0706733691535597,-1.0706733691535595
11,0.09792467039354481,-1.1546398844077472,-1.092266602883796,-0.5703518254720301,-0.5633518167726789,1.632993161855452,-0.5633518167726789,1.0706733691535597,-1.0706733691535595
12,0.25386462051155506,-0.9984795721722733,-0.9215671115864512,1.753303759784389,-0.5633518167726789,-0.6123724356957945,-0.5633518167726789,-0.933991662453105,0.9339916624531052
13,-1.0715051859445905,1.2224670907322461,-0.3098939344376325,-0.5703518254720301,1.7750896868120258,-0.6123724356957945,-0.5633518167726789,1.0706733691535597,-1.0706733691535595
14,0.6840768331259122,-0.14827342777913713,-0.9500170268026753,-0.5703518254720301,-0.5633518167726789,-0.6123724356957945,1.7750896868120258,1.0706733691535597,-1.0706733691535595
15,-0.15766354277990674,-0.8119547547799015,-0.3241188920457446,-0.5703518254720301,1.7750896868120258,-0.6123724356957945,-0.5633518167726789,-0.933991662453105,0.9339916624531052
16,0.9475698363975117,0.05994032186816155,-0.5872806077958177,-0.5703518254720301,1.7750896868120258,-0.6123724356957945,-0.5633518167726789,-0.933991662453105,0.9339916624531052
17,0.49579910533366006,-0.018139834249575333,1.205064050826302,-0.5703518254720301,-0.5633518167726789,-0.6123724356957945,1.7750896868120258,-0.933991662453105,0.9339916624531052
18,0.9609840256549749,-1.028844077329171,1.2192890084344141,-0.5703518254720301,1.7750896868120258,-0.6123724356957945,-0.5633518167726789,1.0706733691535597,-1.0706733691535595
19,-1.7817385993084929,0.42865217020191987,-0.7295301838769384,-0.5703518254720301,1.7750896868120258,-0.6123724356957945,-0.5633518167726789,-0.933991662453105,0.9339916624531052
20,1.2007626586321305,-0.5299986354658514,-0.9002296751742831,-0.5703518254720301,-0.5633518167726789,-0.6123724356957945,1.7750896868120258,-0.933991662453105,0.9339916624531052
21,-0.9931759022447605,-1.0201685044272002,1.667375173089944,1.753303759784389,-0.5633518167726789,-0.6123724356957945,-0.5633518167726789,-0.933991662453105,0.9339916624531052
22,0.10103867861402735,-1.0114929315252295,1.660262694285888,-0.5703518254720301,-0.5633518167726789,-0.6123724356957945,1.7750896868120258,-0.933991662453105,0.9339916624531052
23,0.9106808159394877,1.4567075590854568,1.2548514024546942,-0.5703518254720301,-0.5633518167726789,1.632993161855452,-0.5633518167726789,1.0706733691535597,-1.0706733691535595
24,0.5808354836622217,-1.34984027470209,-0.5161558197552575,1.753303759784389,-0.5633518167726789,-0.6123724356957945,-0.5633518167726789,-0.933991662453105,0.9339916624531052
25,1.6704988217372274,-1.306462410192236,0.8636650682316125,-0.5703518254720301,-0.5633518167726789,1.632993161855452,-0.5633518167726789,-0.933991662453105,0.9339916624531052
26,-0.9261049559574442,0.3939498785940367,-1.7821770468772309,-0.5703518254720301,-0.5633518167726789,-0.6123724356957945,1.7750896868120258,1.0706733691535597,-1.0706733691535595
27,-0.8477756722576142,0.19007391539772334,-1.2416286577689726,-0.5703518254720301,1.7750896868120258,-0.6123724356957945,-0.5633518167726789,-0.933991662453105,0.9339916624531052
28,0.04187252242485909,-0.759901317368077,1.5464630334209915,-0.5703518254720301,-0.5633518167726789,-0.6123724356957945,1.7750896868120258,-0.933991662453105,0.9339916624531052
29,1.6645103443901457,1.2181293042812604,-0.878892238762115,1.753303759784389,-0.5633518167726789,-0.6123724356957945,-0.5633518167726789,-0.933991662453105,0.9339916624531052
30,1.34640242771316,-0.2306913703478595,-1.4478905430865974,-0.5703518254720301,-0.5633518167726789,1.632993161855452,-0.5633518167726789,-0.933991662453105,0.9339916624531052
31,-0.22425541087945644,0.463354461809803,-0.6939677898566582,-0.5703518254720301,-0.5633518167726789,1.632993161855452,-0.5633518167726789,-0.933991662453105,0.9339916624531052
32,0.3791435666125065,-0.660132228995413,-1.113604039295964,-0.5703518254720301,-0.5633518167726789,-0.6123724356957945,1.7750896868120258,1.0706733691535597,-1.0706733691535595
33,0.8232490466720933,0.051264748966190765,1.6033628638534396,-0.5703518254720301,-0.5633518167726789,-0.6123724356957945,1.7750896868120258,1.0706733691535597,-1.0706733691535595
34,0.7149773762368542,0.988226622379035,-0.9926918996270115,-0.5703518254720301,1.7750896868120258,-0.6123724356957945,-0.5633518167726789,1.0706733691535597,-1.0706733691535595
35,0.8622939189750667,0.5284212585745836,-0.6157305230120419,-0.5703518254720301,1.7750896868120258,-0.6123724356957945,-0.5633518167726789,1.0706733691535597,-1.0706733691535595
36,1.4556322545239322,-0.8423192599367993,-1.2771910517892526,-0.5703518254720301,-0.5633518167726789,-0.6123724356957945,1.7750896868120258,-0.933991662453105,0.9339916624531052
37,0.6040707757688991,-0.8770215515446825,0.977464729096509,-0.5703518254720301,-0.5633518167726789,1.632993161855452,-0.5633518167726789,-0.933991662453105,0.9339916624531052
38,1.5308475300032798,0.32888308182925574,-0.7153052262688263,1.753303759784389,-0.5633518167726789,-0.6123724356957945,-0.5633518167726789,-0.933991662453105,0.9339916624531052
39,0.08546863751161465,-1.1763288166626742,-1.7039397800326146,-0.5703518254720301,-0.5633518167726789,1.632993161855452,-0.5633518167726789,-0.933991662453105,0.9339916624531052
40,-1.0025179269062081,-0.9334127754074926,0.7214154921504919,-0.5703518254720301,-0.5633518167726789,1.632993161855452,-0.5633518167726789,1.0706733691535597,-1.0706733691535595
41,-1.1174966919701788,-0.9898039992703026,-0.2032067523767921,-0.5703518254720301,-0.5633518167726789,-0.6123724356957945,1.7750896868120258,1.0706733691535597,-1.0706733691535595
42,-0.96898245376255,-1.2153688947215429,-1.0424792512554037,1.753303759784389,-0.5633518167726789,-0.6123724356957945,-0.5633518167726789,1.0706733691535597,-1.0706733691535595
43,1.507372698802719,0.25947849861348943,1.1268267839816857,-0.5703518254720301,-0.5633518167726789,1.632993161855452,-0.5633518167726789,1.0706733691535597,-1.0706733691535595
44,1.0980003873562065,-0.5299986354658514,-0.9571295056067314,1.753303759784389,-0.5633518167726789,-0.6123724356957945,-0.5633518167726789,-0.933991662453105,0.9339916624531052
45,0.7113842898286051,-0.2784070213086987,0.7143030133464359,-0.5703518254720301,-0.5633518167726789,-0.6123724356957945,1.7750896868120258,-0.933991662453105,0.9339916624531052
46,0.15014419286009817,-0.8596704057407409,0.03861752696111296,-0.5703518254720301,1.7750896868120258,-0.6123724356957945,-0.5633518167726789,-0.933991662453105,0.9339916624531052
47,1.5334824600359958,-0.8466570463877847,0.984577207900565,-0.5703518254720301,-0.5633518167726789,1.632993161855452,-0.5633518167726789,-0.933991662453105,0.9339916624531052
48,-0.7366295326957759,1.1400491481635235,-1.0282542936472916,-0.5703518254720301,-0.5633518167726789,-0.6123724356957945,1.7750896868120258,-0.933991662453105,0.9339916624531052
49,-0.2621025877130134,-0.9811284263683318,1.3046387540830864,1.753303759784389,-0.5633518167726789,-0.6123724356957945,-0.5633518167726789,1.0706733691535597,-1.0706733691535595
50,-0.8398708821594663,-0.14827342777913713,0.2946667639071301,-0.5703518254720301,-0.5633518167726789,-0.6123724356957945,1.7750896868120258,-0.933991662453105,0.9339916624531052
51,0.4236978380747951,2.5671808905377165,-1.1918413061405804,-0.5703518254720301,-0.5633518167726789,1.632993161855452,-0.5633518167726789,1.0706733691535597,-1.0706733691535595
52,0.3125516985129568,-0.6341055102895007,-1.1847288273365244,-0.5703518254720301,1.7750896868120258,-0.6123724356957945,-0.5633518167726789,1.0706733691535597,-1.0706733691535595
53,-1.6950254473227484,-0.2523803026027864,1.5251255970088233,-0.5703518254720301,-0.5633518167726789,1.632993161855452,-0.5633518167726789,-0.933991662453105,0.9339916624531052
54,0.7561781003847771,1.4393564132815155,-0.7081927474647702,-0.5703518254720301,-0.5633518167726789,1.632993161855452,-0.5633518167726789,-0.933991662453105,0.9339916624531052
55,1.1825576874970019,-0.7208612393092084,-0.2316566675930162,-0.5703518254720301,-0.5633518167726789,1.632993161855452,-0.5633518167726789,1.0706733691535597,-1.0706733691535595
56,0.7231217054288855,-0.90738605670158,0.4795912128125869,1.753303759784389,-0.5633518167726789,-0.6123724356957945,-0.5633518167726789,-0.933991662453105,0.9339916624531052
57,0.6649137056152503,1.4523697726344715,-0.38101872247819285,-0.5703518254720301,-0.5633518167726789,1.632993161855452,-0.5633518167726789,1.0706733691535597,-1.0706733691535595
58,-1.7213747476499082,-1.185004389564645,0.9490148138802849,-0.5703518254720301,1.7750896868120258,-0.6123724356957945,-0.5633518167726789,1.0706733691535597,-1.0706733691535595
59,-1.1917538110739931,2.267873625419725,-1.4834529371068776,-0.5703518254720301,-0.5633518167726789,1.632993161855452,-0.5633518167726789,1.0706733691535597,-1.0706733691535595
60,0.3077609166352913,-0.0007886884456337603,0.3729040307517464,-0.5703518254720301,1.7750896868120258,-0.6123724356957945,-0.5633518167726789,-0.933991662453105,0.9339916624531052
61,1.439583135233753,0.341896441182212,-1.6043650767758302,1.753303759784389,-0.5633518167726789,-0.6123724356957945,-0.5633518167726789,-0.933991662453105,0.9339916624531052
62,-0.4920601178409549,1.6041922984189603,-0.03250726107944735,1.753303759784389,-0.5633518167726789,-0.6123724356957945,-0.5633518167726789,1.0706733691535597,-1.0706733691535595
63,-0.9972480668407762,-0.7729146767210331,-0.6370679594242099,-0.5703518254720301,-0.5633518167726789,-0.6123724356957945,1.7750896868120258,1.0706733691535597,-1.0706733691535595
64,-0.23407651372867058,0.567461336633452,0.9632397714883969,-0.5703518254720301,-0.5633518167726789,-0.6123724356957945,1.7750896868120258,1.0706733691535597,-1.0706733691535595
65,0.29195133643899535,0.016562457358307813,0.9205648986640608,-0.5703518254720301,1.7750896868120258,-0.6123724356957945,-0.5633518167726789,-0.933991662453105,0.9339916624531052
66,-0.2424603820145851,-1.1242753792508497,-0.9784669420188994,1.753303759784389,-0.5633518167726789,-0.6123724356957945,-0.5633518167726789,-0.933991662453105,0.9339916624531052
67,1.4573090281811152,-0.04850433940647318,1.1552766991979098,-0.5703518254720301,-0.5633518167726789,1.632993161855452,-0.5633518167726789,1.0706733691535597,-1.0706733691535595
68,0.15469543564388033,-0.8119547547799015,0.8992274622518927,-0.5703518254720301,-0.5633518167726789,-0.6123724356957945,1.7750896868120258,1.0706733691535597,-1.0706733691535595
69,1.0366783793220888,1.2875338874970268,0.7569778861707721,-0.5703518254720301,-0.5633518167726789,-0.6123724356957945,1.7750896868120258,-0.933991662453105,0.9339916624531052
70,0.881936124673495,-0.3564871774264358,0.5862783948734274,-0.5703518254720301,-0.5633518167726789,-0.6123724356957945,1.7750896868120258,1.0706733691535597,-1.0706733691535595
71,-1.2861322140640026,-0.009464261347604546,-0.6726303534444901,1.753303759784389,-0.5633518167726789,-0.6123724356957945,-0.5633518167726789,-0.933991662453105,0.9339916624531052
72,0.9015783303719234,-0.9854662128193171,-1.0282542936472916,-0.5703518254720301,-0.5633518167726789,1.632993161855452,-0.5633518167726789,-0.933991662453105,0.9339916624531052
73,-0.3557623734213729,2.6452610466554534,-1.4265531066744295,-0.5703518254720301,-0.5633518167726789,-0.6123724356957945,1.7750896868120258,-0.933991662453105,0.9339916624531052
74,0.0773243083195834,1.0185911275359325,1.7384999611305043,1.753303759784389,-0.5633518167726789,-0.6123724356957945,-0.5633518167726789,1.0706733691535597,-1.0706733691535595
75,-1.5307016289188236,-0.404202828387275,0.2946667639071301,-0.5703518254720301,-0.5633518167726789,1.632993161855452,-0.5633518167726789,1.0706733691535597,-1.0706733691535595
76,-0.6312323313871361,-0.2957581671126403,-1.7821770468772309,-0.5703518254720301,1.7750896868120258,-0.6123724356957945,-0.5633518167726789,1.0706733691535597,-1.0706733691535595
77,-1.3002650206031157,-0.9941417857212879,-0.1320819643362318,-0.5703518254720301,1.7750896868120258,-0.6123724356957945,-0.5633518167726789,-0.933991662453105,0.9339916624531052
78,0.29314903190841174,-0.9898039992703026,-1.2629660941811407,-0.5703518254720301,1.7750896868120258,-0.6123724356957945,-0.5633518167726789,-0.933991662453105,0.9339916624531052
79,0.9703260503164225,-1.2283822540744989,0.6147283100896515,-0.5703518254720301,-0.5633518167726789,-0.6123724356957945,1.7750896868120258,1.0706733691535597,-1.0706733691535595
80,0.8158233347617119,1.001239981731991,-1.0495917300594597,-0.5703518254720301,1.7750896868120258,-0.6123724356957945,-0.5633518167726789,1.0706733691535597,-1.0706733691535595
81,-1.3223026172403767,-0.5820520728776759,-0.8433298447418348,-0.5703518254720301,-0.5633518167726789,-0.6123724356957945,1.7750896868120258,-0.933991662453105,0.9339916624531052
82,-1.3879363289643933,1.8384327667721714,-1.3981031914582052,-0.5703518254720301,-0.5633518167726789,1.632993161855452,-0.5633518167726789,1.0706733691535597,-1.0706733691535595
83,0.5808354836622217,2.7233412027731903,-0.11785700672811972,-0.5703518254720301,-0.5633518167726789,-0.6123724356957945,1.7750896868120258,1.0706733691535597,-1.0706733691535595
84,-0.6700376645962262,1.1096846430066256,0.7854278013869962,-0.5703518254720301,1.7750896868120258,-0.6123724356957945,-0.5633518167726789,-0.933991662453105,0.9339916624531052
85,0.46585671859825106,-0.33479824517150875,-1.2558536153770847,-0.5703518254720301,-0.5633518167726789,-0.6123724356957945,1.7750896868120258,-0.933991662453105,0.9339916624531052
86,0.06462873634376996,0.007886884456337026,-0.6655178746404341,-0.5703518254720301,1.7750896868120258,-0.6123724356957945,-0.5633518167726789,1.0706733691535597,-1.0706733691535595
87,1.4170664604087253,-1.1242753792508497,0.8565525894275565,1.753303759784389,-0.5633518167726789,-0.6123724356957945,-0.5633518167726789,1.0706733691535597,-1.0706733691535595
88,-1.6253195710027162,-0.6427810831914714,1.4682257665763752,1.753303759784389,-0.5633518167726789,-0.6123724356957945,-0.5633518167726789,-0.933991662453105,0.9339916624531052
89,-0.9514960999090711,-1.0028173586232587,0.6218407888937075,-0.5703518254720301,-0.5633518167726789,1.632993161855452,-0.5633518167726789,-0.933991662453105,0.9339916624531052
90,-1.2605015310184924,-0.7772524631720185,-1.1989537849446363,-0.5703518254720301,1.7750896868120258,-0.6123724356957945,-0.5633518167726789,1.0706733691535597,-1.0706733691535595
91,1.108061029299304,0.4026254514960073,0.7712028437788842,1.753303759784389,-0.5633518167726789,-0.6123724356957945,-0.5633518167726789,-0.933991662453105,0.9339916624531052
92,0.45699377212457,-0.9811284263683318,0.5364910432450352,-0.5703518254720301,1.7750896868120258,-0.6123724356957945,-0.5633518167726789,-0.933991662453105,0.9339916624531052
93,-0.6544676234938135,0.5240834721235983,-0.8219924083296668,-0.5703518254720301,-0.5633518167726789,1.632993161855452,-0.5633518167726789,1.0706733691535597,-1.0706733691535595
94,0.632096849753242,0.6195147740452768,0.8850025046437806,-0.5703518254720301,1.7750896868120258,-0.6123724356957945,-0.5633518167726789,1.0706733691535597,-1.0706733691535595
95,0.8311538367702413,0.6065014146923204,0.3800165095558024,-0.5703518254720301,-0.5633518167726789,-0.6123724356957945,1.7750896868120258,-0.933991662453105,0.9339916624531052
96,-0.6060807265293925,-0.6861589477013252,-1.1776163485324682,1.753303759784389,-0.5633518167726789,-0.6123724356957945,-0.5633518167726789,1.0706733691535597,-1.0706733691535595
97,1.3655655552238217,0.020900243809293107,1.7242750035223922,-0.5703518254720301,-0.5633518167726789,1.632993161855452,-0.5633518167726789,1.0706733691535597,-1.0706733691535595
98,-0.3895373856589143,1.2398182365361874,0.1168547938057293,-0.5703518254720301,1.7750896868120258,-0.6123724356957945,-0.5633518167726789,1.0706733691535597,-1.0706733691535595
99,1.1998045022565973,0.7973640185356777,-0.7224177050728823,-0.5703518254720301,-0.5633518167726789,1.632993161855452,-0.5633518167726789,-0.933991662453105,0.9339916624531052
100,0.38393434849017194,-1.263084545682382,1.5109006394007114,1.753303759784389,-0.5633518167726789,-0.6123724356957945,-0.5633518167726789,1.0706733691535597,-1.0706733691535595
101,-0.9316143551167595,2.2461846931647975,0.03150504815705693,1.753303759784389,-0.5633518167726789,-0.6123724356957945,-0.5633518167726789,1.0706733691535597,-1.0706733691535595
102,0.8742708736692303,2.927217165969504,0.9134524198600047,1.753303759784389,-0.5633518167726789,-0.6123724356957945,-0.5633518167726789,-0.933991662453105,0.9339916624531052
103,1.5756413405594516,-1.0678841553880394,0.3800165095558024,-0.5703518254720301,-0.5633518167726789,-0.6123724356957945,1.7750896868120258,-0.933991662453105,0.9339916624531052
104,1.1015934737644557,-1.1112620198978933,-0.9429045479986192,-0.5703518254720301,-0.5633518167726789,1.632993161855452,-0.5633518167726789,1.0706733691535597,-1.0706733691535595
105,-1.3709290532986809,-0.9377505618584778,-0.12496948553217575,-0.5703518254720301,-0.5633518167726789,1.632993161855452,-0.5633518167726789,-0.933991662453105,0.9339916624531052
106,-0.36246946805010455,-0.8770215515446825,-0.6370679594242099,-0.5703518254720301,-0.5633518167726789,-0.6123724356957945,1.7750896868120258,-0.933991662453105,0.9339916624531052
107,-1.4562049707211258,-0.04850433940647318,-1.0638166876675719,1.753303759784389,-0.5633518167726789,-0.6123724356957945,-0.5633518167726789,1.0706733691535597,-1.0706733691535595
108,-1.229361448813667,0.17706055604476706,-0.28855649802546446,-0.5703518254720301,-0.5633518167726789,1.632993161855452,-0.5633518167726789,1.0706733691535597,-1.0706733691535595
109,-0.8465779767881978,-0.31310931291658184,-0.8291048871337228,-0.5703518254720301,1.7750896868120258,-0.6123724356957945,-0.5633518167726789,1.0706733691535597,-1.0706733691535595
110,-1.1129454491863966,-1.0895730876429666,-0.8362173659377788,1.753303759784389,-0.5633518167726789,-0.6123724356957945,-0.5633518167726789,1.0706733691535597,-1.0706733691535595
111,0.5841890309765876,-0.7902658225249746,-0.893117196370227,-0.5703518254720301,1.7750896868120258,-0.6123724356957945,-0.5633518167726789,1.0706733691535597,-1.0706733691535595
112,-0.9874269639915619,0.47203003471177357,0.7285279709545479,-0.5703518254720301,-0.5633518167726789,1.632993161855452,-0.5633518167726789,-0.933991662453105,0.9339916624531052
113,-1.2502013499815117,-0.404202828387275,0.977464729096509,-0.5703518254720301,1.7750896868120258,-0.6123724356957945,-0.5633518167726789,-0.933991662453105,0.9339916624531052
114,1.225914263489874,0.7756750862807509,0.10262983619761723,-0.5703518254720301,1.7750896868120258,-0.6123724356957945,-0.5633518167726789,1.0706733691535597,-1.0706733691535595
115,0.5595165043066105,-1.2891112643882945,0.4938161704206989,-0.5703518254720301,-0.5633518167726789,-0.6123724356957945,1.7750896868120258,1.0706733691535597,-1.0706733691535595
116,-1.699097611918764,-0.6688078018973836,-1.7181647376407265,-0.5703518254720301,1.7750896868120258,-0.6123724356957945,-0.5633518167726789,1.0706733691535597,-1.0706733691535595
117,1.1962114158483483,0.3549098005351681,-0.03250726107944735,1.753303759784389,-0.5633518167726789,-0.6123724356957945,-0.5633518167726789,-0.933991662453105,0.9339916624531052
118,-0.2000619623972459,2.358967140890418,-0.40235615889036097,-0.5703518254720301,1.7750896868120258,-0.6123724356957945,-0.5633518167726789,-0.933991662453105,0.9339916624531052
119,0.37483186292260756,0.5587857637314815,-1.4692279794987655,-0.5703518254720301,1.7750896868120258,-0.6123724356957945,-0.5633518167726789,-0.933991662453105,0.9339916624531052
120,-1.0590491530626605,-0.12658449552421006,-0.2032067523767921,-0.5703518254720301,-0.5633518167726789,-0.6123724356957945,1.7750896868120258,-0.933991662453105,0.9339916624531052
121,0.9219391533520015,-0.1656245735830787,0.2093170182584577,-0.5703518254720301,-0.5633518167726789,-0.6123724356957945,1.7750896868120258,1.0706733691535597,-1.0706733691535595
122,-1.0676725604424582,2.575856463439687,0.36579155194769036,-0.5703518254720301,-0.5633518167726789,1.632993161855452,-0.5633518167726789,1.0706733691535597,-1.0706733691535595
123,0.27398590439774995,-0.4779451980540266,-1.4123281490663173,-0.5703518254720301,1.7750896868120258,-0.6123724356957945,-0.5633518167726789,1.0706733691535597,-1.0706733691535595
124,-1.2377453170995816,-1.2327200405254843,-0.7295301838769384,-0.5703518254720301,-0.5633518167726789,1.632993161855452,-0.5633518167726789,-0.933991662453105,0.9339916624531052
125,0.9375091944544142,0.4503411024568467,-0.11074452792406368,-0.5703518254720301,1.7750896868120258,-0.6123724356957945,-0.5633518167726789,1.0706733691535597,-1.0706733691535595
126,-0.6400952778608171,-0.14393564132815162,1.3544261057114786,-0.5703518254720301,-0.5633518167726789,-0.6123724356957945,1.7750896868120258,-0.933991662453105,0.9339916624531052
127,-0.7093220759930828,-0.20032686519096166,-1.4621155006947095,-0.5703518254720301,-0.5633518167726789,1.632993161855452,-0.5633518167726789,1.0706733691535597,-1.0706733691535595
128,0.6404807180391565,0.25080292571151885,1.1552766991979098,1.753303759784389,-0.5633518167726789,-0.6123724356957945,-0.5633518167726789,-0.933991662453105,0.9339916624531052
129,-1.3364354237794898,-0.9507639212114342,1.3615385845155348,-0.5703518254720301,-0.5633518167726789,-0.6123724356957945,1.7750896868120258,-0.933991662453105,0.9339916624531052
130,1.562945768583638,0.25080292571151885,-0.09651957031595162,-0.5703518254720301,1.7750896868120258,-0.6123724356957945,-0.5633518167726789,1.0706733691535597,-1.0706733691535595
131,-1.7117931838945775,-1.085235301191981,-1.0211418148432356,-0.5703518254720301,-0.5633518167726789,1.632993161855452,-0.5633518167726789,-0.933991662453105,0.9339916624531052
132,-0.5253560518907296,0.42431438375093417,-0.181869315964624,-0.5703518254720301,-0.5633518167726789,-0.6123724356957945,1.7750896868120258,1.0706733691535597,-1.0706733691535595
133,-1.5060291022488466,-1.2370578269764696,-0.40235615889036097,-0.5703518254720301,-0.5633518167726789,-0.6123724356957945,1.7750896868120258,-0.933991662453105,0.9339916624531052
134,-1.016411194351438,0.06427810831914704,-1.099379081687852,-0.5703518254720301,-0.5633518167726789,1.632993161855452,-0.5633518167726789,-0.933991662453105,0.9339916624531052
135,-1.620049710937284,0.6151769875942915,-0.17475683716056797,-0.5703518254720301,-0.5633518167726789,-0.6123724356957945,1.7750896868120258,1.0706733691535597,-1.0706733691535595
136,-0.11933728775858317,-0.19165129228899086,0.9561272926843409,-0.5703518254720301,1.7750896868120258,-0.6123724356957945,-0.5633518167726789,-0.933991662453105,0.9339916624531052
137,1.6300167148709543,-0.226353583896874,1.411325936143927,1.753303759784389,-0.5633518167726789,-0.6123724356957945,-0.5633518167726789,-0.933991662453105,0.9339916624531052
138,-1.7304772332174727,1.938201855144835,-1.2558536153770847,-0.5703518254720301,-0.5633518167726789,-0.6123724356957945,1.7750896868120258,-0.933991662453105,0.9339916624531052
139,0.2821302335897812,0.953524330771152,-0.011169824667279256,-0.5703518254720301,-0.5633518167726789,1.632993161855452,-0.5633518167726789,-0.933991662453105,0.9339916624531052
140,1.2448378519066525,0.4937189669667005,-0.5588306925795936,-0.5703518254720301,-0.5633518167726789,1.632993161855452,-0.5633518167726789,-0.933991662453105,0.9339916624531052
141,-1.546032130927353,-0.07453105811238535,-0.07518213390378353,-0.5703518254720301,-0.5633518167726789,1.632993161855452,-0.5633518167726789,1.0706733691535597,-1.0706733691535595
142,0.48382215063949646,-0.5516875677207783,0.0030551329408328057,1.753303759784389,-0.5633518167726789,-0.6123724356957945,-0.5633518167726789,1.0706733691535597,-1.0706733691535595
143,0.1386463163537011,1.2137915178302752,-0.8433298447418348,-0.5703518254720301,1.7750896868120258,-0.6123724356957945,-0.5633518167726789,-0.933991662453105,0.9339916624531052
144,-0.6690795082206931,-0.21767801099490322,-0.658405395836378,1.753303759784389,-0.5633518167726789,-0.6123724356957945,-0.5633518167726789,-0.933991662453105,0.9339916624531052
145,-0.4154076077983077,-1.085235301191981,0.6574031829139876,-0.5703518254720301,-0.5633518167726789,1.632993161855452,-0.5633518167726789,-0.933991662453105,0.9339916624531052
146,-1.0286276881394847,1.7213125325955656,0.14530470902195342,1.753303759784389,-0.5633518167726789,-0.6123724356957945,-0.5633518167726789,1.0706733691535597,-1.0706733691535595
147,-1.2133123295234878,0.19007391539772334,0.2519918910827939,-0.5703518254720301,-0.5633518167726789,-0.6123724356957945,1.7750896868120258,-0.933991662453105,0.9339916624531052
148,-0.4669085129832113,-0.13959785487716633,0.17375462423817753,-0.5703518254720301,-0.5633518167726789,-0.6123724356957945,1.7750896868120258,-0.933991662453105,0.9339916624531052
149,0.7065935079509397,-1.0808975147409958,0.7569778861707721,-0.5703518254720301,-0.5633518167726789,1.632993161855452,-0.5633518167726789,1.0706733691535597,-1.0706733691535595
150,-0.8403499603472327,-0.38685168258333347,0.7640903649748281,-0.5703518254720301,1.7750896868120258,-0.6123724356957945,-0.5633518167726789,1.0706733691535597,-1.0706733691535595
151,0.9238554661030677,1.1270357888105673,-0.08940709151189559,-0.5703518254720301,-0.5633518167726789,-0.6123724356957945,1.7750896868120258,1.0706733691535597,-1.0706733691535595
152,1.1715388891783711,-0.8683459786427116,-0.416581116498473,-0.5703518254720301,-0.5633518167726789,-0.6123724356957945,1.7750896868120258,-0.933991662453105,0.9339916624531052
153,-1.3005045596969989,-0.6080787915835882,1.0059146443127331,1.753303759784389,-0.5633518167726789,-0.6123724356957945,-0.5633518167726789,-0.933991662453105,0.9339916624531052
154,-0.39792125394482886,0.7930262320846925,-1.5190153311271577,-0.5703518254720301,1.7750896868120258,-0.6123724356957945,-0.5633518167726789,-0.933991662453105,0.9339916624531052
155,-0.36773932811553656,-0.9377505618584778,0.3871289883598585,-0.5703518254720301,1.7750896868120258,-0.6123724356957945,-0.5633518167726789,-0.933991662453105,0.9339916624531052
156,0.49891311355414264,1.1834270126733772,-0.47348094693092124,-0.5703518254720301,-0.5633518167726789,1.632993161855452,-0.5633518167726789,1.0706733691535597,-1.0706733691535595
157,-0.5426028666503253,-0.6124165780345737,-1.6826023436204465,-0.5703518254720301,1.7750896868120258,-0.6123724356957945,-0.5633518167726789,1.0706733691535597,-1.0706733691535595
158,0.9284067088868498,0.06427810831914704,1.6033628638534396,1.753303759784389,-0.5633518167726789,-0.6123724356957945,-0.5633518167726789,-0.933991662453105,0.9339916624531052
159,1.6216328465850398,-0.6861589477013252,-0.6797428322485461,-0.5703518254720301,-0.5633518167726789,-0.6123724356957945,1.7750896868120258,1.0706733691535597,-1.0706733691535595
160,1.272384847703229,-0.21767801099490322,1.0272520807249013,1.753303759784389,-0.5633518167726789,-0.6123724356957945,-0.5633518167726789,1.0706733691535597,-1.0706733691535595
161,0.8045649973491981,-0.9811284263683318,0.09551735739356121,-0.5703518254720301,-0.5633518167726789,1.632993161855452,-0.5633518167726789,1.0706733691535597,-1.0706733691535595
162,-0.6614142572164283,-0.9984795721722733,-1.369653276241981,-0.5703518254720301,-0.5633518167726789,1.632993161855452,-0.5633518167726789,-0.933991662453105,0.9339916624531052
163,-1.019046124384154,1.881810631282025,-0.0680696550997275,-0.5703518254720301,-0.5633518167726789,1.632993161855452,-0.5633518167726789,1.0706733691535597,-1.0706733691535595
164,-0.3940886284426965,-0.5343364219168367,0.4440288187923067,-0.5703518254720301,1.7750896868120258,-0.6123724356957945,-0.5633518167726789,1.0706733691535597,-1.0706733691535595
165,0.33339159968080145,-0.7642391038190623,0.2093170182584577,-0.5703518254720301,-0.5633518167726789,1.632993161855452,-0.5633518167726789,1.0706733691535597,-1.0706733691535595
166,-1.7558683771690995,0.8450796694965172,0.30889172151524213,-0.5703518254720301,-0.5633518167726789,1.632993161855452,-0.5633518167726789,1.0706733691535597,-1.0706733691535595
167,-0.9929363631508772,-0.46059405225008504,-0.1391944431402878,-0.5703518254720301,-0.5633518167726789,1.632993161855452,-0.5633518167726789,1.0706733691535597,-1.0706733691535595
168,-1.4636306826315073,-0.1743001464850495,-0.018282303471335287,-0.5703518254720301,-0.5633518167726789,-0.6123724356957945,1.7750896868120258,-0.933991662453105,0.9339916624531052
169,-0.062087444320481085,0.48938118051571516,0.9134524198600047,-0.5703518254720301,-0.5633518167726789,1.632993161855452,-0.5633518167726789,1.0706733691535597,-1.0706733691535595
170,-0.10304862937452065,0.6498792792021746,-1.7395021740528946,-0.5703518254720301,1.7750896868120258,-0.6123724356957945,-0.5633518167726789,1.0706733691535597,-1.0706733691535595
171,-0.35552283432748966,2.2895625576746514,-1.5332402887352699,-0.5703518254720301,-0.5633518167726789,1.632993161855452,-0.5633518167726789,-0.933991662453105,0.9339916624531052
172,-0.6580607099020626,1.0185911275359325,0.017280090548944867,-0.5703518254720301,1.7750896868120258,-0.6123724356957945,-0.5633518167726789,-0.933991662453105,0.9339916624531052
173,0.6713812611500987,-0.4128784012892458,0.12396727260978532,-0.5703518254720301,-0.5633518167726789,1.632993161855452,-0.5633518167726789,-0.933991662453105,0.9339916624531052
174,-0.7292038207853945,-1.3021246237412505,-0.7295301838769384,-0.5703518254720301,-0.5633518167726789,-0.6123724356957945,1.7750896868120258,-0.933991662453105,0.9339916624531052
175,-0.9881455812732117,-1.1242753792508497,-0.5801681289917617,1.753303759784389,-0.5633518167726789,-0.6123724356957945,-0.5633518167726789,-0.933991662453105,0.9339916624531052
176,-1.7218538258376748,1.712636959693595,0.4440288187923067,1.753303759784389,-0.5633518167726789,-0.6123724356957945,-0.5633518167726789,1.0706733691535597,-1.0706733691535595
177,1.0105686180888123,1.1660758668694358,0.41557890357608257,-0.5703518254720301,1.7750896868120258,-0.6123724356957945,-0.5633518167726789,1.0706733691535597,-1.0706733691535595
178,-0.1820965303560005,1.2311426636342166,-1.5261278099312139,-0.5703518254720301,-0.5633518167726789,-0.6123724356957945,1.7750896868120258,1.0706733691535597,-1.0706733691535595
179,-0.35360652157642347,1.3048850333009683,-1.1491664333162441,1.753303759784389,-0.5633518167726789,-0.6123724356957945,-0.5633518167726789,1.0706733691535597,-1.0706733691535595
180,1.1006353173889227,-0.837981473485814,0.13107975141384137,1.753303759784389,-0.5633518167726789,-0.6123724356957945,-0.5633518167726789,1.0706733691535597,-1.0706733691535595
181,-1.5843583859486765,1.0966712836536698,0.8992274622518927,-0.5703518254720301,-0.5633518167726789,-0.6123724356957945,1.7750896868120258,1.0706733691535597,-1.0706733691535595
182,1.6151652910501915,-0.8293059005838431,-0.5232682985593134,1.753303759784389,-0.5633518167726789,-0.6123724356957945,-0.5633518167726789,1.0706733691535597,-1.0706733691535595
183,-0.5220025045763639,-0.8423192599367993,0.9419023350762289,-0.5703518254720301,-0.5633518167726789,1.632993161855452,-0.5633518167726789,-0.933991662453105,0.9339916624531052
184,-1.7577846899201657,-0.7121856664072377,0.5862783948734274,-0.5703518254720301,1.7750896868120258,-0.6123724356957945,-0.5633518167726789,-0.933991662453105,0.9339916624531052
185,-0.044122012279235664,-0.44324290644614345,0.3302291579274102,-0.5703518254720301,-0.5633518167726789,-0.6123724356957945,1.7750896868120258,-0.933991662453105,0.9339916624531052
186,-0.021605337454208066,0.7409727946728678,-0.8362173659377788,1.753303759784389,-0.5633518167726789,-0.6123724356957945,-0.5633518167726789,1.0706733691535597,-1.0706733691535595
187,-1.2456501071977295,0.8537552423984878,1.0841519111573494,-0.5703518254720301,-0.5633518167726789,-0.6123724356957945,1.7750896868120258,-0.933991662453105,0.9339916624531052
188,0.1690677812768767,-1.106924233446908,1.702937567110224,-0.5703518254720301,-0.5633518167726789,-0.6123724356957945,1.7750896868120258,-0.933991662453105,0.9339916624531052
189,-0.9306561987412264,0.988226622379035,1.2406264448465822,1.753303759784389,-0.5633518167726789,-0.6123724356957945,-0.5633518167726789,-0.933991662453105,0.9339916624531052
190,0.7350986601230491,-0.759901317368077,-1.4123281490663173,1.753303759784389,-0.5633518167726789,-0.6123724356957945,-0.5633518167726789,1.0706733691535597,-1.0706733691535595
191,0.6785674339665968,0.7886884456337072,0.7854278013869962,-0.5703518254720301,1.7750896868120258,-0.6123724356957945,-0.5633518167726789,1.0706733691535597,-1.0706733691535595
192,1.4393435961398697,-0.15261121423012242,1.5749129486372155,-0.5703518254720301,-0.5633518167726789,-0.6123724356957945,1.7750896868120258,-0.933991662453105,0.9339916624531052
193,-0.5895525290514467,-1.1459643115057765,-1.583027640363662,-0.5703518254720301,-0.5633518167726789,1.632993161855452,-0.5633518167726789,-0.933991662453105,0.9339916624531052
194,0.6958142487261925,1.5478010745561503,0.3444541155355223,-0.5703518254720301,-0.5633518167726789,-0.6123724356957945,1.7750896868120258,-0.933991662453105,0.9339916624531052
195,-1.636817447509113,-1.1546398844077472,1.1339392627857416,-0.5703518254720301,-0.5633518167726789,-0.6123724356957945,1.7750896868120258,1.0706733691535597,-1.0706733691535595
196,1.2616055884784816,-1.0331818637801564,-0.38813120128224887,-0.5703518254720301,-0.5633518167726789,-0.6123724356957945,1.7750896868120258,-0.933991662453105,0.9339916624531052
197,0.19086583882025446,-0.6644700154463984,0.4653662552044748,1.753303759784389,-0.5633518167726789,-0.6123724356957945,-0.5633518167726789,1.0706733691535597,-1.0706733691535595
198,-0.6520722325549807,-0.7425501715641354,-0.9784669420188994,-0.5703518254720301,1.7750896868120258,-0.6123724356957945,-0.5633518167726789,1.0706733691535597,-1.0706733691535595
199,1.0491344122040192,-1.150302097956762,-1.2771910517892526,-0.5703518254720301,1.7750896868120258,-0.6123724356957945,-0.5633518167726789,1.0706733691535597,-1.0706733691535595
200,-0.7524391128920719,-0.8770215515446825,-1.1918413061405804,-0.5703518254720301,-0.5633518167726789,1.632993161855452,-0.5633518167726789,-0.933991662453105,0.9339916624531052
201,0.5422696895470149,-1.050533009584098,0.8636650682316125,-0.5703518254720301,-0.5633518167726789,-0.6123724356957945,1.7750896868120258,-0.933991662453105,0.9339916624531052
202,1.309513407255136,-0.44758069289712893,1.0628144747451813,-0.5703518254720301,1.7750896868120258,-0.6123724356957945,-0.5633518167726789,1.0706733691535597,-1.0706733691535595
203,1.1408778851613124,0.9838888359280494,0.7285279709545479,-0.5703518254720301,-0.5633518167726789,1.632993161855452,-0.5633518167726789,1.0706733691535597,-1.0706733691535595
204,-1.1771419263471137,1.4957476371443255,-1.4052156702622614,-0.5703518254720301,-0.5633518167726789,1.632993161855452,-0.5633518167726789,-0.933991662453105,0.9339916624531052
205,-0.4431941426887673,0.03391360316224938,0.1666421454341215,1.753303759784389,-0.5633518167726789,-0.6123724356957945,-0.5633518167726789,-0.933991662453105,0.9339916624531052
206,-1.2336731525035658,-0.7989413954269454,-1.2985284882014207,-0.5703518254720301,-0.5633518167726789,1.632993161855452,-0.5633518167726789,-0.933991662453105,0.9339916624531052
207,-1.577651291319945,-0.07886884456337083,0.1879795818462896,-0.5703518254720301,-0.5633518167726789,-0.6123724356957945,1.7750896868120258,1.0706733691535597,-1.0706733691535595
208,-1.0540188320911117,-0.18297571938702006,-0.43080607410658506,-0.5703518254720301,-0.5633518167726789,1.632993161855452,-0.5633518167726789,-0.933991662453105,0.9339916624531052
209,-0.4499012373174989,-0.3521493909754503,-1.305640967005477,-0.5703518254720301,-0.5633518167726789,-0.6123724356957945,1.7750896868120258,1.0706733691535597,-1.0706733691535595
210,0.022230316726430763,0.007886884456337026,1.3188637116911985,-0.5703518254720301,-0.5633518167726789,1.632993161855452,-0.5633518167726789,1.0706733691535597,-1.0706733691535595
211,1.3523909050602418,-0.8076169683289162,-0.7579800990931624,1.753303759784389,-0.5633518167726789,-0.6123724356957945,-0.5633518167726789,-0.933991662453105,0.9339916624531052
212,-0.5301468337683951,-0.5169852761128951,-0.17475683716056797,-0.5703518254720301,-0.5633518167726789,1.632993161855452,-0.5633518167726789,-0.933991662453105,0.9339916624531052
213,-0.4846344059305734,-0.2827448077596842,0.5649409584612592,1.753303759784389,-0.5633518167726789,-0.6123724356957945,-0.5633518167726789,1.0706733691535597,-1.0706733691535595
214,0.12451350981458803,-1.0939108740939518,-0.33834384965385667,-0.5703518254720301,1.7750896868120258,-0.6123724356957945,-0.5633518167726789,-0.933991662453105,0.9339916624531052
215,-1.1392947495135566,-1.0722219418390249,0.05995496337328105,1.753303759784389,-0.5633518167726789,-0.6123724356957945,-0.5633518167726789,1.0706733691535597,-1.0706733691535595
216,0.08858264573209719,1.5521388610071356,-0.6370679594242099,-0.5703518254720301,-0.5633518167726789,-0.6123724356957945,1.7750896868120258,-0.933991662453105,0.9339916624531052
217,-0.02184487654809134,0.2247762070056065,-1.2060662637486925,1.753303759784389,-0.5633518167726789,-0.6123724356957945,-0.5633518167726789,1.0706733691535597,-1.0706733691535595
218,0.9803866922595199,-0.816292541230887,-1.4052156702622614,-0.5703518254720301,-0.5633518167726789,1.632993161855452,-0.5633518167726789,-0.933991662453105,0.9339916624531052
219,0.35950136091407814,-0.39118946903431895,1.1552766991979098,-0.5703518254720301,-0.5633518167726789,-0.6123724356957945,1.7750896868120258,1.0706733691535597,-1.0706733691535595
220,-1.2264869796870677,-1.0418574366821274,1.4753382453804311,-0.5703518254720301,-0.5633518167726789,1.632993161855452,-0.5633518167726789,-0.933991662453105,0.9339916624531052
221,-1.6435245421378448,1.0446178462418452,-0.04673221868755941,-0.5703518254720301,-0.5633518167726789,1.632993161855452,-0.5633518167726789,1.0706733691535597,-1.0706733691535595
222,1.4108384439677601,0.7756750862807509,0.3871289883598585,1.753303759784389,-0.5633518167726789,-0.6123724356957945,-0.5633518167726789,-0.933991662453105,0.9339916624531052
223,-0.9931759022447605,-1.2066933218195721,-0.6655178746404341,-0.5703518254720301,-0.5633518167726789,1.632993161855452,-0.5633518167726789,-0.933991662453105,0.9339916624531052
224,-1.6593341223341407,-0.9594394941134048,0.5507160008531472,-0.5703518254720301,1.7750896868120258,-0.6123724356957945,-0.5633518167726789,-0.933991662453105,0.9339916624531052
225,-1.3706895142047977,2.593207609243629,-0.893117196370227,-0.5703518254720301,1.7750896868120258,-0.6123724356957945,-0.5633518167726789,1.0706733691535597,-1.0706733691535595
226,1.499467908704571,-1.2240444676235136,0.8138777166032203,-0.5703518254720301,-0.5633518167726789,1.632993161855452,-0.5633518167726789,-0.933991662453105,0.9339916624531052
227,0.2969816574105441,-1.3671914205060316,1.5891379062453277,-0.5703518254720301,-0.5633518167726789,1.632993161855452,-0.5633518167726789,1.0706733691535597,-1.0706733691535595
228,-1.285653135876236,0.3549098005351681,0.23065445467062579,1.753303759784389,-0.5633518167726789,-0.6123724356957945,-0.5633518167726789,1.0706733691535597,-1.0706733691535595
229,-0.7265688907526784,0.43732774310389044,-0.7295301838769384,-0.5703518254720301,-0.5633518167726789,1.632993161855452,-0.5633518167726789,1.0706733691535597,-1.0706733691535595
230,-1.5007592421834144,-0.5733764999757052,-0.48059342573497726,1.753303759784389,-0.5633518167726789,-0.6123724356957945,-0.5633518167726789,1.0706733691535597,-1.0706733691535595
231,1.3859263782039,-1.1155998063488788,-1.6754898648163905,-0.5703518254720301,1.7750896868120258,-0.6123724356957945,-0.5633518167726789,-0.933991662453105,0.9339916624531052
232,-0.47840638948960834,1.3959785487716614,1.7100500459142802,-0.5703518254720301,1.7750896868120258,-0.6123724356957945,-0.5633518167726789,1.0706733691535597,-1.0706733691535595
233,1.091293292727475,-0.07886884456337083,-0.7579800990931624,-0.5703518254720301,1.7750896868120258,-0.6123724356957945,-0.5633518167726789,-0.933991662453105,0.9339916624531052
234,-1.345537909347054,1.6302190171248725,-1.0709291664716278,-0.5703518254720301,-0.5633518167726789,-0.6123724356957945,1.7750896868120258,-0.933991662453105,0.9339916624531052
235,1.6257050111810556,0.8017018049866631,-1.1989537849446363,-0.5703518254720301,-0.5633518167726789,1.632993161855452,-0.5633518167726789,-0.933991662453105,0.9339916624531052
236,1.3598166169706232,-0.4389051199951582,1.6816001306980561,-0.5703518254720301,-0.5633518167726789,-0.6123724356957945,1.7750896868120258,1.0706733691535597,-1.0706733691535595
237,0.9351138035155815,2.419696151204213,0.3871289883598585,1.753303759784389,-0.5633518167726789,-0.6123724356957945,-0.5633518167726789,-0.933991662453105,0.9339916624531052
238,-0.9002347338180509,0.3332208682802412,1.0841519111573494,-0.5703518254720301,-0.5633518167726789,-0.6123724356957945,1.7750896868120258,-0.933991662453105,0.9339916624531052
239,-1.5101012668448621,-0.73821238511315,1.688712609502112,1.753303759784389,-0.5633518167726789,-0.6123724356957945,-0.5633518167726789,-0.933991662453105,0.9339916624531052
240,-0.16844280200465397,0.6845815708100578,0.07417992098139312,1.753303759784389,-0.5633518167726789,-0.6123724356957945,-0.5633518167726789,1.0706733691535597,-1.0706733691535595
241,0.6239525205612108,0.5544479772804961,-1.348315839829813,-0.5703518254720301,1.7750896868120258,-0.6123724356957945,-0.5633518167726789,-0.933991662453105,0.9339916624531052
242,-1.2502013499815117,-1.2587467592313968,1.482450724184487,-0.5703518254720301,-0.5633518167726789,1.632993161855452,-0.5633518167726789,-0.933991662453105,0.9339916624531052
243,0.05408901621290598,-0.4215539741912166,-0.416581116498473,-0.5703518254720301,-0.5633518167726789,-0.6123724356957945,1.7750896868120258,-0.933991662453105,0.9339916624531052
244,1.4048499666206784,1.278858314595056,1.7242750035223922,-0.5703518254720301,-0.5633518167726789,1.632993161855452,-0.5633518167726789,1.0706733691535597,-1.0706733691535595
245,1.3619724688155728,0.3939498785940367,-1.4692279794987655,-0.5703518254720301,-0.5633518167726789,1.632993161855452,-0.5633518167726789,1.0706733691535597,-1.0706733691535595
246,-0.8997556556302843,-0.24370472970081558,1.1197143051776297,-0.5703518254720301,-0.5633518167726789,1.632993161855452,-0.5633518167726789,1.0706733691535597,-1.0706733691535595
247,1.5871392170658487,1.413329694575603,0.7569778861707721,-0.5703518254720301,1.7750896868120258,-0.6123724356957945,-0.5633518167726789,-0.933991662453105,0.9339916624531052
248,-0.47553192036300906,0.6368659198492184,0.6076158312855954,-0.5703518254720301,1.7750896868120258,-0.6123724356957945,-0.5633518167726789,1.0706733691535597,-1.0706733691535595
249,0.5992799938912338,-0.8076169683289162,1.2833013176709183,-0.5703518254720301,1.7750896868120258,-0.6123724356957945,-0.5633518167726789,-0.933991662453105,0.9339916624531052
250,1.6063023445765106,-0.8553326192897555,0.1595296666300655,-0.5703518254720301,-0.5633518167726789,1.632993161855452,-0.5633518167726789,1.0706733691535597,-1.0706733691535595
251,0.26775788795678485,0.3462342276331973,1.3188637116911985,-0.5703518254720301,-0.5633518167726789,-0.6123724356957945,1.7750896868120258,1.0706733691535597,-1.0706733691535595
252,-0.7854955078479634,-0.18297571938702006,-1.4052156702622614,1.753303759784389,-0.5633518167726789,-0.6123724356957945,-0.5633518167726789,1.0706733691535597,-1.0706733691535595
253,1.6384005831568689,-1.2327200405254843,0.5293785644409791,1.753303759784389,-0.5633518167726789,-0.6123724356957945,-0.5633518167726789,-0.933991662453105,0.9339916624531052
254,1.2376516790901544,-0.8770215515446825,-1.5047903735190458,-0.5703518254720301,-0.5633518167726789,-0.6123724356957945,1.7750896868120258,-0.933991662453105,0.9339916624531052
255,-0.1854500776703663,0.8364040965945462,-0.878892238762115,-0.5703518254720301,-0.5633518167726789,1.632993161855452,-0.5633518167726789,-0.933991662453105,0.9339916624531052
256,1.6106140482664093,1.5608144339091061,0.7000780557383238,-0.5703518254720301,1.7750896868120258,-0.6123724356957945,-0.5633518167726789,1.0706733691535597,-1.0706733691535595
257,0.6083824794587981,0.11633154573097175,1.411325936143927,-0.5703518254720301,1.7750896868120258,-0.6123724356957945,-0.5633518167726789,-0.933991662453105,0.9339916624531052
258,-0.885383309997288,0.2247762070056065,1.1552766991979098,1.753303759784389,-0.5633518167726789,-0.6123724356957945,-0.5633518167726789,-0.933991662453105,0.9339916624531052
259,0.33458929515021785,1.2831961010460413,-0.3098939344376325,1.753303759784389,-0.5633518167726789,-0.6123724356957945,-0.5633518167726789,-0.933991662453105,0.9339916624531052
260,-0.8437035076615986,1.4827342777913692,-0.3170064132416886,-0.5703518254720301,-0.5633518167726789,1.632993161855452,-0.5633518167726789,-0.933991662453105,0.9339916624531052
261,-0.23766960013691968,2.6279099008515123,0.22354197586656976,-0.5703518254720301,1.7750896868120258,-0.6123724356957945,-0.5633518167726789,-0.933991662453105,0.9339916624531052
262,-0.32605952577984715,-0.14393564132815162,0.017280090548944867,1.753303759784389,-0.5633518167726789,-0.6123724356957945,-0.5633518167726789,-0.933991662453105,0.9339916624531052
263,0.15277912289281417,0.7843506591827215,1.3615385845155348,-0.5703518254720301,-0.5633518167726789,1.632993161855452,-0.5633518167726789,-0.933991662453105,0.9339916624531052
264,-0.6034457964966765,0.19441170184870862,0.5933908736774833,-0.5703518254720301,1.7750896868120258,-0.6123724356957945,-0.5633518167726789,-0.933991662453105,0.9339916624531052
265,1.4628184273404303,0.2724918579664457,-0.2956689768295205,-0.5703518254720301,1.7750896868120258,-0.6123724356957945,-0.5633518167726789,-0.933991662453105,0.9339916624531052
266,0.5084946773094735,-0.32178488581855264,0.5720534372653152,-0.5703518254720301,1.7750896868120258,-0.6123724356957945,-0.5633518167726789,1.0706733691535597,-1.0706733691535595
267,-1.4358441477410477,-0.8293059005838431,1.0770394323532935,1.753303759784389,-0.5633518167726789,-0.6123724356957945,-0.5633518167726789,-0.933991662453105,0.9339916624531052
268,0.3676456901061094,-1.3411647018001192,-1.092266602883796,1.753303759784389,-0.5633518167726789,-0.6123724356957945,-0.5633518167726789,1.0706733691535597,-1.0706733691535595
269,-0.6975846603928025,-0.08320663101435613,-0.33123137084980064,-0.5703518254720301,-0.5633518167726789,-0.6123724356957945,1.7750896868120258,1.0706733691535597,-1.0706733691535595
270,-0.4475058463786662,-0.1743001464850495,-1.2131787425527485,-0.5703518254720301,-0.5633518167726789,-0.6123724356957945,1.7750896868120258,-0.933991662453105,0.9339916624531052
271,-0.18329422582541688,0.18573612894673786,0.6289532676977635,-0.5703518254720301,1.7750896868120258,-0.6123724356957945,-0.5633518167726789,-0.933991662453105,0.9339916624531052
272,-0.28174479341144176,0.3852743056920657,1.7384999611305043,-0.5703518254720301,-0.5633518167726789,1.632993161855452,-0.5633518167726789,-0.933991662453105,0.9339916624531052
273,-0.7347132199447097,0.051264748966190765,-0.409468637694417,-0.5703518254720301,-0.5633518167726789,1.632993161855452,-0.5633518167726789,1.0706733691535597,-1.0706733691535595
274,-1.6231637191577666,1.0229289139869178,-0.004057345863223225,1.753303759784389,-0.5633518167726789,-0.6123724356957945,-0.5633518167726789,-0.933991662453105,0.9339916624531052
275,1.095604996417374,1.478396491340384,0.42980386118419467,-0.5703518254720301,-0.5633518167726789,1.632993161855452,-0.5633518167726789,-0.933991662453105,0.9339916624531052
276,-1.1069569718393149,-1.2457333998784406,0.23065445467062579,-0.5703518254720301,-0.5633518167726789,1.632993161855452,-0.5633518167726789,1.0706733691535597,-1.0706733691535595
277,0.7612084213563258,1.7256503190465509,0.6716281405220997,-0.5703518254720301,-0.5633518167726789,1.632993161855452,-0.5633518167726789,-0.933991662453105,0.9339916624531052
278,-0.8077726435791077,0.9188220391632688,-1.2416286577689726,-0.5703518254720301,1.7750896868120258,-0.6123724356957945,-0.5633518167726789,-0.933991662453105,0.9339916624531052
279,-0.42283331970868915,1.591178939066004,1.0557019959411253,-0.5703518254720301,-0.5633518167726789,-0.6123724356957945,1.7750896868120258,-0.933991662453105,0.9339916624531052
280,-0.8666992606743927,-0.035490980053516905,-0.7366426626809944,-0.5703518254720301,-0.5633518167726789,1.632993161855452,-0.5633518167726789,1.0706733691535597,-1.0706733691535595
281,0.7312660346209168,0.14235826443688412,-1.3909907126541492,1.753303759784389,-0.5633518167726789,-0.6123724356957945,-0.5633518167726789,-0.933991662453105,0.9339916624531052
282,1.0285340501300577,-0.8683459786427116,0.8352151530153884,1.753303759784389,-0.5633518167726789,-0.6123724356957945,-0.5633518167726789,-0.933991662453105,0.9339916624531052
283,0.39495314680880245,-1.1676532437607037,-1.2416286577689726,1.753303759784389,-0.5633518167726789,-0.6123724356957945,-0.5633518167726789,1.0706733691535597,-1.0706733691535595
284,0.8747499518569969,-1.0939108740939518,-0.9855794208229555,-0.5703518254720301,-0.5633518167726789,1.632993161855452,-0.5633518167726789,-0.933991662453105,0.9339916624531052
285,-0.7301619771609276,-0.7295368122111792,1.1126018263735735,-0.5703518254720301,-0.5633518167726789,-0.6123724356957945,1.7750896868120258,-0.933991662453105,0.9339916624531052
286,0.7533036312581778,-1.2457333998784406,-1.6043650767758302,-0.5703518254720301,-0.5633518167726789,-0.6123724356957945,1.7750896868120258,-0.933991662453105,0.9339916624531052
287,0.552809409677879,-1.328151342447163,-1.1918413061405804,1.753303759784389,-0.5633518167726789,-0.6123724356957945,-0.5633518167726789,1.0706733691535597,-1.0706733691535595
288,0.9315207171073324,2.5801942498906723,1.3473136269074226,-0.5703518254720301,-0.5633518167726789,-0.6123724356957945,1.7750896868120258,1.0706733691535597,-1.0706733691535595
289,1.0565601241144005,-0.9898039992703026,0.4226913823801386,-0.5703518254720301,1.7750896868120258,-0.6123724356957945,-0.5633518167726789,1.0706733691535597,-1.0706733691535595
290,0.8481611124359536,-1.1242753792508497,-0.409468637694417,1.753303759784389,-0.5633518167726789,-0.6123724356957945,-0.5633518167726789,-0.933991662453105,0.9339916624531052
291,-1.0283881490456015,-1.2977868372902652,-1.6328149919920543,-0.5703518254720301,-0.5633518167726789,1.632993161855452,-0.5633518167726789,1.0706733691535597,-1.0706733691535595
292,1.4767116947856602,1.7560148242034488,-0.6157305230120419,-0.5703518254720301,-0.5633518167726789,1.632993161855452,-0.5633518167726789,-0.933991662453105,0.9339916624531052
293,0.9068481904373553,-0.226353583896874,1.3686510633195907,-0.5703518254720301,-0.5633518167726789,1.632993161855452,-0.5633518167726789,1.0706733691535597,-1.0706733691535595
294,-0.01992856379702516,0.9058086798103125,1.3828760209277027,-0.5703518254720301,1.7750896868120258,-0.6123724356957945,-0.5633518167726789,-0.933991662453105,0.9339916624531052
295,-0.7957956888849441,-0.16996236003406398,1.1339392627857416,1.753303759784389,-0.5633518167726789,-0.6123724356957945,-0.5633518167726789,-0.933991662453105,0.9339916624531052
296,-1.411411160164954,-0.10923334972026849,1.660262694285888,-0.5703518254720301,-0.5633518167726789,1.632993161855452,-0.5633518167726789,1.0706733691535597,-1.0706733691535595
297,0.4993921917419092,-1.0982486605449373,-1.127828996904076,-0.5703518254720301,-0.5633518167726789,-0.6123724356957945,1.7750896868120258,-0.933991662453105,0.9339916624531052
298,0.9791889967901036,1.1357113617125383,1.411325936143927,-0.5703518254720301,1.7750896868120258,-0.6123724356957945,-0.5633518167726789,-0.933991662453105,0.9339916624531052
299,-0.9033487420385334,1.5217743558502377,-1.6897148224245024,1.753303759784389,-0.5633518167726789,-0.6123724356957945,-0.5633518167726789,-0.933991662453105,0.9339916624531052
300,-0.22545310634887278,-0.5083097032109244,1.3330886692993105,-0.5703518254720301,-0.5633518167726789,1.632993161855452,-0.5633518167726789,-0.933991662453105,0.9339916624531052
301,-0.3651043980828205,0.8754441746534146,0.22354197586656976,1.753303759784389,-0.5633518167726789,-0.6123724356957945,-0.5633518167726789,-0.933991662453105,0.9339916624531052
302,-0.6808169238209735,1.0793201378497281,0.41557890357608257,-0.5703518254720301,-0.5633518167726789,-0.6123724356957945,1.7750896868120258,-0.933991662453105,0.9339916624531052
303,0.36812476829387597,0.003549098005351536,-0.9998043784310675,1.753303759784389,-0.5633518167726789,-0.6123724356957945,-0.5633518167726789,-0.933991662453105,0.9339916624531052
304,-0.3298921512819795,-1.34984027470209,0.7569778861707721,-0.5703518254720301,1.7750896868120258,-0.6123724356957945,-0.5633518167726789,1.0706733691535597,-1.0706733691535595
305,-1.4111716210710707,-0.2784070213086987,-1.7821770468772309,1.753303759784389,-0.5633518167726789,-0.6123724356957945,-0.5633518167726789,1.0706733691535597,-1.0706733691535595
306,-1.569027883940147,-1.2023555353685866,0.6005033524815394,1.753303759784389,-0.5633518167726789,-0.6123724356957945,-0.5633518167726789,-0.933991662453105,0.9339916624531052
307,1.4163478431270755,-0.2740692348577134,-1.7181647376407265,1.753303759784389,-0.5633518167726789,-0.6123724356957945,-0.5633518167726789,-0.933991662453105,0.9339916624531052
308,1.3873636127671995,-0.49095855740698285,0.5791659160693713,-0.5703518254720301,-0.5633518167726789,-0.6123724356957945,1.7750896868120258,-0.933991662453105,0.9339916624531052
309,-0.5346980765521773,1.569490006811077,0.9276773774681168,-0.5703518254720301,-0.5633518167726789,-0.6123724356957945,1.7750896868120258,-0.933991662453105,0.9339916624531052
310,-0.26641429140291234,-0.25671808905377186,-0.9571295056067314,1.753303759784389,-0.5633518167726789,-0.6123724356957945,-0.5633518167726789,1.0706733691535597,-1.0706733691535595
311,1.2793314814258439,-1.362853634055046,1.0201396019208453,-0.5703518254720301,-0.5633518167726789,1.632993161855452,-0.5633518167726789,1.0706733691535597,-1.0706733691535595
312,0.9279276306990834,0.398287665045022,0.017280090548944867,1.753303759784389,-0.5633518167726789,-0.6123724356957945,-0.5633518167726789,-0.933991662453105,0.9339916624531052
313,1.6534915460715152,0.688919357261043,0.08129239978544914,-0.5703518254720301,-0.5633518167726789,1.632993161855452,-0.5633518167726789,1.0706733691535597,-1.0706733691535595
314,-0.5962596236801783,-1.0245062908781857,-1.0780416452756838,1.753303759784389,-0.5633518167726789,-0.6123724356957945,-0.5633518167726789,1.0706733691535597,-1.0706733691535595
315,-1.287329909533419,0.19874948829969413,-0.10363204912000766,-0.5703518254720301,-0.5633518167726789,1.632993161855452,-0.5633518167726789,-0.933991662453105,0.9339916624531052
316,1.070213852465747,-0.10923334972026849,0.4867036916166429,-0.5703518254720301,-0.5633518167726789,1.632993161855452,-0.5633518167726789,1.0706733691535597,-1.0706733691535595
317,0.18511690056705593,0.4460033160058614,0.18086710304223358,-0.5703518254720301,-0.5633518167726789,1.632993161855452,-0.5633518167726789,-0.933991662453105,0.9339916624531052
318,1.0335643711016065,-0.08754441746534163,-1.1918413061405804,-0.5703518254720301,-0.5633518167726789,1.632993161855452,-0.5633518167726789,-0.933991662453105,0.9339916624531052
319,-1.3026604115419482,0.046926962515205464,0.6147283100896515,1.753303759784389,-0.5633518167726789,-0.6123724356957945,-0.5633518167726789,1.0706733691535597,-1.0706733691535595
320,0.4541193029979707,1.2181293042812604,0.04573000576516899,1.753303759784389,-0.5633518167726789,-0.6123724356957945,-0.5633518167726789,-0.933991662453105,0.9339916624531052
321,-1.1929515065434095,-1.3585158476040606,0.9276773774681168,-0.5703518254720301,1.7750896868120258,-0.6123724356957945,-0.5633518167726789,-0.933991662453105,0.9339916624531052
322,1.15021990982276,-0.8640081921917263,-1.7323896952488387,1.753303759784389,-0.5633518167726789,-0.6123724356957945,-0.5633518167726789,-0.933991662453105,0.9339916624531052
323,-0.17203588841290307,0.40696323794699263,0.4938161704206989,-0.5703518254720301,1.7750896868120258,-0.6123724356957945,-0.5633518167726789,-0.933991662453105,0.9339916624531052
324,-0.2728818469377607,-0.9637772805643903,0.6076158312855954,1.753303759784389,-0.5633518167726789,-0.6123724356957945,-0.5633518167726789,-0.933991662453105,0.9339916624531052
325,-0.3437854187272093,-0.9854662128193171,0.04573000576516899,-0.5703518254720301,-0.5633518167726789,-0.6123724356957945,1.7750896868120258,-0.933991662453105,0.9339916624531052
326,-0.8362777957512172,-0.5430119948188075,0.2093170182584577,-0.5703518254720301,-0.5633518167726789,1.632993161855452,-0.5633518167726789,1.0706733691535597,-1.0706733691535595
327,-1.732393545968539,0.6195147740452768,1.7384999611305043,1.753303759784389,-0.5633518167726789,-0.6123724356957945,-0.5633518167726789,1.0706733691535597,-1.0706733691535595
328,0.66635094017855,1.1183602159085966,1.1552766991979098,-0.5703518254720301,-0.5633518167726789,1.632993161855452,-0.5633518167726789,1.0706733691535597,-1.0706733691535595
329,0.12187857978187204,2.6322476873024976,1.2761888388668623,-0.5703518254720301,1.7750896868120258,-0.6123724356957945,-0.5633518167726789,-0.933991662453105,0.9339916624531052
330,-0.65494670168158,-1.1112620198978933,-0.0680696550997275,1.753303759784389,-0.5633518167726789,-0.6123724356957945,-0.5633518167726789,-0.933991662453105,0.9339916624531052
331,0.379622644800273,-0.4302295470931874,-1.12071651810002,-0.5703518254720301,1.7750896868120258,-0.6123724356957945,-0.5633518167726789,-0.933991662453105,0.9339916624531052
332,-1.49165675661585,-0.226353583896874,1.7598373975426724,-0.5703518254720301,1.7750896868120258,-0.6123724356957945,-0.5633518167726789,-0.933991662453105,0.9339916624531052
333,-1.3967992754380743,-0.6948345206032961,-1.4336655854784854,-0.5703518254720301,1.7750896868120258,-0.6123724356957945,-0.5633518167726789,-0.933991662453105,0.9339916624531052
334,-1.2149891031806705,-0.07886884456337083,-0.08940709151189559,-0.5703518254720301,-0.5633518167726789,-0.6123724356957945,1.7750896868120258,1.0706733691535597,-1.0706733691535595
335,-1.0636003958464426,0.43298995665290513,1.6460377366777759,1.753303759784389,-0.5633518167726789,-0.6123724356957945,-0.5633518167726789,1.0706733691535597,-1.0706733691535595
336,1.59456492897623,-0.39118946903431895,-1.0709291664716278,-0.5703518254720301,-0.5633518167726789,-0.6123724356957945,1.7750896868120258,1.0706733691535597,-1.0706733691535595
337,0.15541405292553015,-0.5733764999757052,1.7171625247183362,1.753303759784389,-0.5633518167726789,-0.6123724356957945,-0.5633518167726789,-0.933991662453105,0.9339916624531052
338,0.48501984610891286,1.0316044868888887,-0.8077674507215546,1.753303759784389,-0.5633518167726789,-0.6123724356957945,-0.5633518167726789,-0.933991662453105,0.9339916624531052
339,-0.18113837398046742,1.157400293967465,-0.28855649802546446,-0.5703518254720301,-0.5633518167726789,1.632993161855452,-0.5633518167726789,-0.933991662453105,0.9339916624531052
340,-1.4784821064522702,-0.6167543644855591,0.19509206065034562,-0.5703518254720301,1.7750896868120258,-0.6123724356957945,-0.5633518167726789,-0.933991662453105,0.9339916624531052
341,0.3729155501715414,-1.185004389564645,1.0557019959411253,-0.5703518254720301,-0.5633518167726789,1.632993161855452,-0.5633518167726789,1.0706733691535597,-1.0706733691535595
342,1.2297468889920065,-0.09188220391632691,-0.5517182137755375,-0.5703518254720301,-0.5633518167726789,-0.6123724356957945,1.7750896868120258,-0.933991662453105,0.9339916624531052
343,0.6613206192070012,-0.8336436870348285,0.13107975141384137,1.753303759784389,-0.5633518167726789,-0.6123724356957945,-0.5633518167726789,1.0706733691535597,-1.0706733691535595
344,0.8936735402737753,1.1357113617125383,1.2975262752790304,1.753303759784389,-0.5633518167726789,-0.6123724356957945,-0.5633518167726789,1.0706733691535597,-1.0706733691535595
345,-0.3265386039676137,-0.7078478799562522,-1.3981031914582052,-0.5703518254720301,1.7750896868120258,-0.6123724356957945,-0.5633518167726789,-0.933991662453105,0.9339916624531052
346,0.6481459690434213,2.5368163853808188,-0.23876914639707225,-0.5703518254720301,1.7750896868120258,-0.6123724356957945,-0.5633518167726789,-0.933991662453105,0.9339916624531052
347,-1.3433820575021045,0.2811674308684165,0.7640903649748281,-0.5703518254720301,1.7750896868120258,-0.6123724356957945,-0.5633518167726789,1.0706733691535597,-1.0706733691535595
348,-1.076295967822256,-1.276097905035338,0.05284248456922502,-0.5703518254720301,-0.5633518167726789,1.632993161855452,-0.5633518167726789,1.0706733691535597,-1.0706733691535595
349,0.4337584800178926,-0.837981473485814,1.7313874823264483,-0.5703518254720301,-0.5633518167726789,1.632993161855452,-0.5633518167726789,-0.933991662453105,0.9339916624531052
350,0.3853715830534716,-0.5647009270737343,-1.4905654159109336,1.753303759784389,-0.5633518167726789,-0.6123724356957945,-0.5633518167726789,-0.933991662453105,0.9339916624531052
351,-0.9778454002362311,-1.2327200405254843,0.7712028437788842,-0.5703518254720301,-0.5633518167726789,1.632993161855452,-0.5633518167726789,-0.933991662453105,0.9339916624531052
352,1.4182641558781417,-0.9811284263683318,0.010167611744888836,-0.5703518254720301,-0.5633518167726789,-0.6123724356957945,1.7750896868120258,-0.933991662453105,0.9339916624531052
353,0.20332187170218463,-0.11790892262223927,1.5535755122250474,-0.5703518254720301,-0.5633518167726789,-0.6123724356957945,1.7750896868120258,-0.933991662453105,0.9339916624531052
354,0.9020574085596899,0.12500711863294253,0.9988021655086771,-0.5703518254720301,-0.5633518167726789,1.632993161855452,-0.5633518167726789,1.0706733691535597,-1.0706733691535595
355,0.48501984610891286,-0.13526006842618085,1.3046387540830864,-0.5703518254720301,-0.5633518167726789,-0.6123724356957945,1.7750896868120258,1.0706733691535597,-1.0706733691535595
356,0.5702957635313578,-0.3391360316224942,-0.9073421539783392,-0.5703518254720301,-0.5633518167726789,1.632993161855452,-0.5633518167726789,1.0706733691535597,-1.0706733691535595
357,1.262803283947898,0.7062705030649846,-0.48059342573497726,-0.5703518254720301,-0.5633518167726789,1.632993161855452,-0.5633518167726789,1.0706733691535597,-1.0706733691535595
358,-1.2808623539985706,-0.5083097032109244,0.6574031829139876,1.753303759784389,-0.5633518167726789,-0.6123724356957945,-0.5633518167726789,1.0706733691535597,-1.0706733691535595
359,-1.0389278691764654,-0.26539366195574265,-0.3454563284579127,1.753303759784389,-0.5633518167726789,-0.6123724356957945,-0.5633518167726789,1.0706733691535597,-1.0706733691535595
360,1.6451076777856006,-0.2697314484067279,0.9988021655086771,1.753303759784389,-0.5633518167726789,-0.6123724356957945,-0.5633518167726789,1.0706733691535597,-1.0706733691535595
361,-0.7902862897256289,1.4523697726344715,-1.5474652463433818,-0.5703518254720301,-0.5633518167726789,1.632993161855452,-0.5633518167726789,1.0706733691535597,-1.0706733691535595
362,-1.0880333834225364,-0.3564871774264358,0.9063399410559487,-0.5703518254720301,1.7750896868120258,-0.6123724356957945,-0.5633518167726789,1.0706733691535597,-1.0706733691535595
363,0.3175820194845055,-0.1612867871320932,0.8921149834478367,-0.5703518254720301,-0.5633518167726789,-0.6123724356957945,1.7750896868120258,-0.933991662453105,0.9339916624531052
364,-0.7716022404027336,-0.9507639212114342,-0.11785700672811972,-0.5703518254720301,1.7750896868120258,-0.6123724356957945,-0.5633518167726789,-0.933991662453105,0.9339916624531052
365,-1.0968963298962173,-1.0982486605449373,-0.9713544632148434,1.753303759784389,-0.5633518167726789,-0.6123724356957945,-0.5633518167726789,1.0706733691535597,-1.0706733691535595
366,0.3238100359254706,0.07295368122111782,-0.1391944431402878,-0.5703518254720301,1.7750896868120258,-0.6123724356957945,-0.5633518167726789,-0.933991662453105,0.9339916624531052
367,1.590971842567981,-0.2740692348577134,0.6574031829139876,-0.5703518254720301,-0.5633518167726789,-0.6123724356957945,1.7750896868120258,1.0706733691535597,-1.0706733691535595
368,1.630495793058721,-1.085235301191981,-0.6797428322485461,-0.5703518254720301,-0.5633518167726789,-0.6123724356957945,1.7750896868120258,-0.933991662453105,0.9339916624531052
369,-1.3108047407339796,-0.009464261347604546,0.8352151530153884,-0.5703518254720301,-0.5633518167726789,1.632993161855452,-0.5633518167726789,1.0706733691535597,-1.0706733691535595
370,-1.3417052838449217,2.10303774028228,-1.2771910517892526,-0.5703518254720301,1.7750896868120258,-0.6123724356957945,-0.5633518167726789,-0.933991662453105,0.9339916624531052
371,1.0908142145397084,0.9361731849672104,0.9988021655086771,1.753303759784389,-0.5633518167726789,-0.6123724356957945,-0.5633518167726789,1.0706733691535597,-1.0706733691535595
372,0.19158445610190428,-1.0939108740939518,-0.5517182137755375,1.753303759784389,-0.5633518167726789,-0.6123724356957945,-0.5633518167726789,-0.933991662453105,0.9339916624531052
373,1.519828731684649,-0.8119547547799015,-0.7224177050728823,-0.5703518254720301,-0.5633518167726789,-0.6123724356957945,1.7750896868120258,-0.933991662453105,0.9339916624531052
374,-0.5320631465194613,-0.9377505618584778,-0.19609427357273607,-0.5703518254720301,-0.5633518167726789,-0.6123724356957945,1.7750896868120258,-0.933991662453105,0.9339916624531052
375,-1.3285306336813416,-1.2197066811725281,0.36579155194769036,-0.5703518254720301,1.7750896868120258,-0.6123724356957945,-0.5633518167726789,1.0706733691535597,-1.0706733691535595
376,1.5904927643802145,0.7062705030649846,0.6645156617180437,-0.5703518254720301,-0.5633518167726789,1.632993161855452,-0.5633518167726789,1.0706733691535597,-1.0706733691535595
377,0.3252472704887702,-0.660132228995413,-0.6370679594242099,-0.5703518254720301,1.7750896868120258,-0.6123724356957945,-0.5633518167726789,-0.933991662453105,0.9339916624531052
378,-0.8034609398892089,-1.2110311082705574,-1.5474652463433818,-0.5703518254720301,1.7750896868120258,-0.6123724356957945,-0.5633518167726789,-0.933991662453105,0.9339916624531052
379,0.34968025806486397,-0.34347381807347954,-0.42369359530252904,-0.5703518254720301,-0.5633518167726789,-0.6123724356957945,1.7750896868120258,-0.933991662453105,0.9339916624531052
380,1.229507349898123,-1.171991030211689,0.6574031829139876,-0.5703518254720301,-0.5633518167726789,-0.6123724356957945,1.7750896868120258,1.0706733691535597,-1.0706733691535595
381,0.5990404547973505,0.4026254514960073,1.454000808968263,-0.5703518254720301,1.7750896868120258,-0.6123724356957945,-0.5633518167726789,-0.933991662453105,0.9339916624531052
382,-0.33564108953517807,-0.2957581671126403,1.3899884997317589,1.753303759784389,-0.5633518167726789,-0.6123724356957945,-0.5633518167726789,-0.933991662453105,0.9339916624531052
383,0.9921241078598003,0.688919357261043,0.8067652377991643,-0.5703518254720301,-0.5633518167726789,1.632993161855452,-0.5633518167726789,1.0706733691535597,-1.0706733691535595
384,0.5700562244374745,-1.0461952231331126,-0.8646672811540029,-0.5703518254720301,-0.5633518167726789,-0.6123724356957945,1.7750896868120258,1.0706733691535597,-1.0706733691535595
385,0.25673908963815434,1.1443869346145088,0.13107975141384137,-0.5703518254720301,-0.5633518167726789,-0.6123724356957945,1.7750896868120258,1.0706733691535597,-1.0706733691535595
386,-1.2600224528307258,1.3048850333009683,0.6574031829139876,1.753303759784389,-0.5633518167726789,-0.6123724356957945,-0.5633518167726789,1.0706733691535597,-1.0706733691535595
387,0.07444983919298412,-1.2327200405254843,1.7598373975426724,-0.5703518254720301,1.7750896868120258,-0.6123724356957945,-0.5633518167726789,1.0706733691535597,-1.0706733691535595
388,0.3937554513393861,-0.5560253541717637,-0.2032067523767921,-0.5703518254720301,-0.5633518167726789,1.632993161855452,-0.5633518167726789,1.0706733691535597,-1.0706733691535595
389,-1.3431425184082213,-0.057179912308443964,0.6289532676977635,-0.5703518254720301,1.7750896868120258,-0.6123724356957945,-0.5633518167726789,-0.933991662453105,0.9339916624531052
390,1.096563152792907,0.7062705030649846,0.5507160008531472,-0.5703518254720301,-0.5633518167726789,-0.6123724356957945,1.7750896868120258,-0.933991662453105,0.9339916624531052
391,1.2431610782494698,-0.5213230625638805,1.667375173089944,-0.5703518254720301,1.7750896868120258,-0.6123724356957945,-0.5633518167726789,1.0706733691535597,-1.0706733691535595
392,-0.14975875268175876,0.7453105811238531,0.3017792427111861,-0.5703518254720301,-0.5633518167726789,-0.6123724356957945,1.7750896868120258,1.0706733691535597,-1.0706733691535595
393,1.099198082825623,-0.3955272554853042,-1.2487411365730285,1.753303759784389,-0.5633518167726789,-0.6123724356957945,-0.5633518167726789,1.0706733691535597,-1.0706733691535595
394,1.6635521880146125,-0.5299986354658514,-0.5019308621471453,-0.5703518254720301,-0.5633518167726789,-0.6123724356957945,1.7750896868120258,1.0706733691535597,-1.0706733691535595
395,-1.6794554062203355,-1.1112620198978933,1.0770394323532935,-0.5703518254720301,-0.5633518167726789,-0.6123724356957945,1.7750896868120258,-0.933991662453105,0.9339916624531052
396,-0.6951892694539697,0.7973640185356777,0.7640903649748281,-0.5703518254720301,-0.5633518167726789,1.632993161855452,-0.5633518167726789,1.0706733691535597,-1.0706733691535595
397,0.14367663732524982,1.8210816209682297,0.8921149834478367,-0.5703518254720301,-0.5633518167726789,-0.6123724356957945,1.7750896868120258,1.0706733691535597,-1.0706733691535595
398,-1.6114263035574863,2.8881770879106354,-1.369653276241981,-0.5703518254720301,-0.5633518167726789,1.632993161855452,-0.5633518167726789,1.0706733691535597,-1.0706733691535595
399,1.095604996417374,-0.972452853466361,-0.15341940074839988,1.753303759784389,-0.5633518167726789,-0.6123724356957945,-0.5633518167726789,-0.933991662453105,0.9339916624531052
400,-0.5363748502093603,-0.5560253541717637,1.5251255970088233,1.753303759784389,-0.5633518167726789,-0.6123724356957945,-0.5633518167726789,1.0706733691535597,-1.0706733691535595
401,-0.05226634147126692,2.6279099008515123,0.6502907041099316,1.753303759784389,-0.5633518167726789,-0.6123724356957945,-0.5633518167726789,-0.933991662453105,0.9339916624531052
402,1.3557444523746076,1.0923334972026841,-1.6826023436204465,-0.5703518254720301,-0.5633518167726789,1.632993161855452,-0.5633518167726789,-0.933991662453105,0.9339916624531052
403,0.7724667587688396,1.0619689920457867,0.3942414671639145,-0.5703518254720301,-0.5633518167726789,-0.6123724356957945,1.7750896868120258,-0.933991662453105,0.9339916624531052
404,1.2180094733917262,0.3462342276331973,-1.2843035305933088,1.753303759784389,-0.5633518167726789,-0.6123724356957945,-0.5633518167726789,1.0706733691535597,-1.0706733691535595
405,0.5089737554972401,-0.9247372025055216,-0.4663684681268652,1.753303759784389,-0.5633518167726789,-0.6123724356957945,-0.5633518167726789,1.0706733691535597,-1.0706733691535595
406,-0.32007104843276535,-0.8856971244466532,0.6574031829139876,-0.5703518254720301,-0.5633518167726789,-0.6123724356957945,1.7750896868120258,-0.933991662453105,0.9339916624531052
407,0.9044527994985226,1.3135606062029392,1.5180131182047674,-0.5703518254720301,-0.5633518167726789,-0.6123724356957945,1.7750896868120258,1.0706733691535597,-1.0706733691535595
408,-1.4442280160269623,-1.0678841553880394,-0.43080607410658506,-0.5703518254720301,1.7750896868120258,-0.6123724356957945,-0.5633518167726789,-0.933991662453105,0.9339916624531052
409,-0.9388005279332576,-1.3671914205060316,-1.56880268275555,-0.5703518254720301,1.7750896868120258,-0.6123724356957945,-0.5633518167726789,1.0706733691535597,-1.0706733691535595
410,-0.5852408253615478,0.623852560496262,1.1623891780019657,-0.5703518254720301,1.7750896868120258,-0.6123724356957945,-0.5633518167726789,-0.933991662453105,0.9339916624531052
411,1.600553406323312,1.4436941997325008,-0.08229461270783957,-0.5703518254720301,1.7750896868120258,-0.6123724356957945,-0.5633518167726789,-0.933991662453105,0.9339916624531052
412,-1.2995464033214656,-0.38251389613234815,-1.1420539545121882,-0.5703518254720301,-0.5633518167726789,-0.6123724356957945,1.7750896868120258,-0.933991662453105,0.9339916624531052
413,0.14942557557844835,0.007886884456337026,-1.6399274707961102,1.753303759784389,-0.5633518167726789,-0.6123724356957945,-0.5633518167726789,1.0706733691535597,-1.0706733691535595
414,1.2513054074415009,0.3375586547312265,1.5891379062453277,1.753303759784389,-0.5633518167726789,-0.6123724356957945,-0.5633518167726789,-0.933991662453105,0.9339916624531052
415,0.7717481414871897,0.2638162850644749,1.3828760209277027,-0.5703518254720301,1.7750896868120258,-0.6123724356957945,-0.5633518167726789,-0.933991662453105,0.9339916624531052
416,0.9451744454586789,1.3352495384578662,0.10974231500167327,1.753303759784389,-0.5633518167726789,-0.6123724356957945,-0.5633518167726789,1.0706733691535597,-1.0706733691535595
417,-1.3500891521308362,0.4676922482607883,-0.6299554806201539,-0.5703518254720301,-0.5633518167726789,-0.6123724356957945,1.7750896868120258,1.0706733691535597,-1.0706733691535595
418,0.31111446394965714,0.12066933218195705,-0.10363204912000766,-0.5703518254720301,1.7750896868120258,-0.6123724356957945,-0.5633518167726789,-0.933991662453105,0.9339916624531052
419,-0.46642943479544474,0.12500711863294253,-0.8077674507215546,-0.5703518254720301,1.7750896868120258,-0.6123724356957945,-0.5633518167726789,1.0706733691535597,-1.0706733691535595
420,1.201960354101547,-1.2327200405254843,1.5891379062453277,-0.5703518254720301,-0.5633518167726789,-0.6123724356957945,1.7750896868120258,-0.933991662453105,0.9339916624531052
421,-0.029031049364589508,1.157400293967465,-0.2316566675930162,-0.5703518254720301,-0.5633518167726789,1.632993161855452,-0.5633518167726789,-0.933991662453105,0.9339916624531052
422,-1.326135242742509,0.4156388108489636,1.3828760209277027,-0.5703518254720301,1.7750896868120258,-0.6123724356957945,-0.5633518167726789,-0.933991662453105,0.9339916624531052
423,1.5387523201014277,-1.3671914205060316,-1.6826023436204465,-0.5703518254720301,-0.5633518167726789,-0.6123724356957945,1.7750896868120258,1.0706733691535597,-1.0706733691535595
424,0.8989434003392074,-1.0982486605449373,-0.018282303471335287,-0.5703518254720301,-0.5633518167726789,1.632993161855452,-0.5633518167726789,1.0706733691535597,-1.0706733691535595
425,-0.4760109985507756,-0.226353583896874,-0.8433298447418348,-0.5703518254720301,1.7750896868120258,-0.6123724356957945,-0.5633518167726789,1.0706733691535597,-1.0706733691535595
426,0.08139647291559902,-0.837981473485814,-1.7181647376407265,-0.5703518254720301,1.7750896868120258,-0.6123724356957945,-0.5633518167726789,1.0706733691535597,-1.0706733691535595
427,0.29985612653714333,-0.13092228197519554,0.8352151530153884,1.753303759784389,-0.5633518167726789,-0.6123724356957945,-0.5633518167726789,-0.933991662453105,0.9339916624531052
428,0.21601744367799805,0.3549098005351681,1.197951572022246,-0.5703518254720301,-0.5633518167726789,-0.6123724356957945,1.7750896868120258,-0.933991662453105,0.9339916624531052
429,-1.5881910114508089,0.1510338373388547,1.0343645595289572,-0.5703518254720301,1.7750896868120258,-0.6123724356957945,-0.5633518167726789,-0.933991662453105,0.9339916624531052
430,0.16475607758697777,-0.1743001464850495,-0.24588162520112827,1.753303759784389,-0.5633518167726789,-0.6123724356957945,-0.5633518167726789,-0.933991662453105,0.9339916624531052
431,-1.0748587332589563,0.012224670907322321,0.04573000576516899,-0.5703518254720301,1.7750896868120258,-0.6123724356957945,-0.5633518167726789,1.0706733691535597,-1.0706733691535595
432,-1.7592219244834653,-0.09188220391632691,-0.8504423235458909,-0.5703518254720301,-0.5633518167726789,1.632993161855452,-0.5633518167726789,1.0706733691535597,-1.0706733691535595
433,1.3722726498525535,-0.8509948328387701,1.5678004698331596,-0.5703518254720301,-0.5633518167726789,-0.6123724356957945,1.7750896868120258,1.0706733691535597,-1.0706733691535595
434,1.5799530442493506,-1.1546398844077472,-0.871779759958059,-0.5703518254720301,-0.5633518167726789,1.632993161855452,-0.5633518167726789,-0.933991662453105,0.9339916624531052
435,1.1895043212196166,-0.3044337400146111,1.2548514024546942,-0.5703518254720301,-0.5633518167726789,-0.6123724356957945,1.7750896868120258,1.0706733691535597,-1.0706733691535595
436,-1.5017173985589476,0.9144842527122831,-1.7110522588366706,-0.5703518254720301,1.7750896868120258,-0.6123724356957945,-0.5633518167726789,-0.933991662453105,0.9339916624531052
437,0.3190192540478051,1.0793201378497281,1.3971009785358148,-0.5703518254720301,-0.5633518167726789,-0.6123724356957945,1.7750896868120258,1.0706733691535597,-1.0706733691535595
438,-0.9102953757611483,0.5804746959864083,-0.8433298447418348,-0.5703518254720301,-0.5633518167726789,1.632993161855452,-0.5633518167726789,1.0706733691535597,-1.0706733691535595
439,-1.0430000337724812,-1.3151379830942067,-0.8077674507215546,-0.5703518254720301,-0.5633518167726789,1.632993161855452,-0.5633518167726789,1.0706733691535597,-1.0706733691535595
